{"cameraMode":{"drawMode":0,"name":"Shaded","section":"Shading Mode"},"sceneLighting":false,"audioPlay":false,"sceneViewState":{"showFog":true,"showMaterialUpdate":false,"showSkybox":true,"showFlares":true,"showImageEffects":true,"showParticleSystems":true},"in2DMode":false,"pivot":{"x":2.908413887023926,"y":-5.695188999176025,"z":-5.568846225738525},"rotation":{"x":-0.15127678215503694,"y":-0.3764325678348541,"z":0.06244858354330063,"w":-0.9118739366531372},"size":1.3578965663909913,"orthographic":false}