{"cameraMode":{"drawMode":0,"name":"Shaded","section":"Shading Mode"},"sceneLighting":true,"audioPlay":false,"sceneViewState":{"showFog":true,"showMaterialUpdate":false,"showSkybox":true,"showFlares":true,"showImageEffects":true,"showParticleSystems":true},"in2DMode":false,"pivot":{"x":-0.21318602561950684,"y":0.15113747119903565,"z":0.9705967903137207},"rotation":{"x":0.4502772390842438,"y":0.5467290282249451,"z":-0.4590083062648773,"w":0.5363293886184692},"size":3.795825242996216,"orthographic":false}