{"cameraMode":{"drawMode":0,"name":"Shaded","section":"Shading Mode"},"sceneLighting":true,"audioPlay":false,"sceneViewState":{"showFog":true,"showMaterialUpdate":false,"showSkybox":true,"showFlares":true,"showImageEffects":true,"showParticleSystems":true},"in2DMode":false,"pivot":{"x":-0.49900001287460329,"y":0.5040000081062317,"z":-0.5080000162124634},"rotation":{"x":-0.47932136058807375,"y":0.03815450519323349,"z":-0.020863637328147889,"w":-0.8765614628791809},"size":2.9892539978027345,"orthographic":false}